dbn,school_name,borough,avg_metric_score,n_metric_rows
02M442,"Ballet Tech, NYC Public School for Dance",Manhattan,4.305698924731183,93
02M449,Vanguard High School,Manhattan,2.9785443037974684,158
02M459,Manhattan International High School,Manhattan,3.2310526315789474,152
02M475,Stuyvesant High School,Manhattan,4.6935625,160
02M418,Millennium High School,Manhattan,4.487575757575757,165
02M422,Quest to Learn,Manhattan,2.6773065015479878,323
02M439,Manhattan Village Academy,Manhattan,4.614060606060606,165
02M529,Jacqueline Kennedy Onassis High School,Manhattan,2.4935416666666668,192
02M542,Manhattan Bridges High School,Manhattan,4.171846153846154,195
02M544,Independence High School,Manhattan,2.5283783783783784,185
75M035,P.S. 035,Manhattan,3.354761904761905,21
75M226,P.S. M226,Manhattan,3.196190476190476,21
02M586,Harvey Milk High School,Manhattan,3.1016379310344826,116
75X010,P.S. X010,Bronx,3.599047619047619,21
01M019,P.S. 019 Asher Levy,Manhattan,3.59,74
01M015,P.S. 015 Roberto Clemente,Manhattan,3.9144329896907215,97
01M020,P.S. 020 Anna Silver,Manhattan,2.4398305084745764,118
01M034,P.S. 034 Franklin D. Roosevelt,Manhattan,2.718125,160
01M063,The STAR Academy - P.S.63,Manhattan,3.6354054054054052,74
01M064,P.S. 064 Robert Simon,Manhattan,3.1016842105263156,95
01M110,P.S. 110 Florence Nightingale,Manhattan,3.5748101265822787,79
75X811,P.S. X811,Bronx,2.603809523809524,21
01M134,P.S. 134 Henrietta Szold,Manhattan,2.9404504504504505,111
01M140,P.S. 140 Nathan Straus,Manhattan,2.7232386363636363,176
01M142,P.S. 142 Amalia Castro,Manhattan,3.3770588235294117,102
01M184,P.S. 184m Shuang Wen,Manhattan,4.1335,140
01M188,P.S. 188 The Island School,Manhattan,3.6741520467836257,171
01M292,Orchard Collegiate Academy,Manhattan,3.2644549763033175,211
01M315,The East Village Community School,Manhattan,3.3020238095238095,84
01M332,University Neighborhood Middle School,Manhattan,3.002302631578947,152
01M361,The Children's Workshop School,Manhattan,2.7447191011235956,89
01M363,Neighborhood School,Manhattan,2.91625,32
01M364,Earth School,Manhattan,2.588979591836735,49
01M378,School for Global Leaders,Manhattan,3.387440476190476,168
01M448,University Neighborhood High School,Manhattan,4.21948717948718,195
01M450,East Side Community School,Manhattan,3.7102713178294575,258
01M458,Forsyth Satellite Academy,Manhattan,3.2428275862068965,145
01M509,Marta Valle High School,Manhattan,2.7162280701754384,114
01M515,Lower East Side Preparatory High School,Manhattan,3.4657714285714287,175
01M539,"New Explorations into Science, Technology and Math High School",Manhattan,4.377992700729927,274
01M650,Cascades High School,Manhattan,3.1836416184971097,173
01M696,Bard High School Early College,Manhattan,4.2700000000000005,157
01M839,Tompkins Square Middle School,Manhattan,3.352592592592593,135
02M001,P.S. 001 Alfred E. Smith,Manhattan,2.976639344262295,122
02M002,P.S. 002 Meyer London,Manhattan,3.6915094339622643,106
02M003,P.S. 003 Charrette School,Manhattan,3.3777777777777778,90
02M006,P.S. 006 Lillie D. Blake,Manhattan,4.100459770114942,87
02M011,P.S. 011: The Sarah J. Garnet Elementary School,Manhattan,3.4443434343434345,99
02M033,P.S. 033 Chelsea Prep,Manhattan,2.608396226415094,106
02M040,P.S. 040 Augustus Saint-Gaudens,Manhattan,4.131264367816092,87
02M041,P.S. 041 Greenwich Village,Manhattan,3.916951219512195,82
02M042,P.S. 042 Benjamin Altman,Manhattan,3.9450943396226417,106
02M047,47 The American Sign Language and English Secondary School,Manhattan,3.818978494623656,186
02M500,Unity Center for Urban Technologies,Manhattan,3.8266315789473686,190
02M051,P.S. 051 Elias Howe,Manhattan,3.0496296296296297,108
02M059,P.S. 059 Beekman Hill International,Manhattan,3.9365060240963854,83
02M077,P.S. 77 Lower Lab School,Manhattan,4.647833333333334,60
02M089,P.S. 89,Manhattan,4.110952380952381,84
02M104,J.H.S. 104 Simon Baruch,Manhattan,4.00589928057554,139
02M111,P.S. 111 Adolph S. Ochs,Manhattan,3.0017424242424244,132
02M114,East Side Middle School,Manhattan,4.458264462809917,121
02M116,P.S. 116 Mary Lindley Murray,Manhattan,3.114712643678161,87
02M124,P.S. 124 Yung Wing,Manhattan,4.2505263157894735,95
02M126,P.S. 126 Jacob August Riis,Manhattan,3.9335031847133757,157
02M130,P.S. 130 Hernando De Soto,Manhattan,3.8737500000000002,104
02M131,M.S. 131,Manhattan,3.4798265895953757,173
02M135,The Urban Assembly Early College High School of Emergency Medicine,Manhattan,3.1541875,160
02M139,Stephen T. Mather Building Arts & Craftsmanship High School,Manhattan,3.0000602409638555,166
02M546,Academy for Software Engineering,Manhattan,3.413791208791209,182
02M150,P.S. 150,Manhattan,4.155925925925926,54
02M151,Yorkville Community School,Manhattan,3.4224137931034484,87
02M158,P.S. 158 Bayard Taylor,Manhattan,3.8909638554216865,83
02M167,J.H.S. 167 Robert F. Wagner,Manhattan,4.012867132867133,143
02M177,Yorkville East Middle School,Manhattan,4.331311475409836,122
02M183,P.S. 183 Robert L. Stevenson,Manhattan,4.116666666666666,90
02M198,P.S. 198 Isidor E. Ida Straus,Manhattan,3.297415730337079,89
02M212,P.S. 212 Midtown West,Manhattan,3.2110975609756096,82
02M217,P.S./I.S. 217 Roosevelt Island,Manhattan,3.6174125874125873,143
02M225,Ella Baker School,Manhattan,2.9522764227642275,123
02M234,P.S. 234 Independence School,Manhattan,3.732261904761905,84
02M255,M.S. 255 Salk School of Science,Manhattan,4.368534482758621,116
02M260,The Clinton School,Manhattan,4.284886877828054,221
02M267,"East Side Elementary School, PS 267",Manhattan,3.941891891891892,74
02M276,Battery Park City School,Manhattan,3.8486821705426357,129
02M280,Manhattan Early College School for Advertising,Manhattan,3.444397163120567,141
02M281,The River School,Manhattan,4.112909090909091,55
02M282,Urban Assembly Maker Academy,Manhattan,3.048611111111111,144
02M288,Food and Finance High School,Manhattan,3.1359473684210526,190
02M289,I.S. 289,Manhattan,4.010820895522388,134
02M290,P.S. 290 Manhattan New School,Manhattan,4.062820512820513,78
02M294,Essex Street Academy,Manhattan,3.7343589743589742,156
02M296,High School of Hospitality Management,Manhattan,2.858351063829787,188
02M297,M.S. 297,Manhattan,2.6710975609756096,82
02M298,Pace High School,Manhattan,2.6303846153846155,182
02M300,"Urban Assembly School of Design and Construction, The",Manhattan,2.642216494845361,194
09X339,I.S. 339,Bronx,3.338111111111111,180
02M303,"Facing History School, The",Manhattan,3.1265934065934067,182
02M305,"Urban Assembly Academy of Government and Law, The",Manhattan,3.2804761904761905,189
02M308,Lower Manhattan Arts Academy,Manhattan,2.9509523809523808,189
02M312,New York City Lab Middle School for Collaborative Studies,Manhattan,4.393225806451613,124
02M313,"James Baldwin School, The: A School for Expeditionary Learning",Manhattan,3.458723404255319,141
02M316,"Urban Assembly School of Business for Young Women, the",Manhattan,2.370119760479042,167
12X341,Accion Academy,Bronx,3.1679329608938547,179
02M343,The Peck Slip School,Manhattan,3.2217543859649123,57
02M347,The 47 American Sign Language & English Lower School,Manhattan,3.672230215827338,139
02M374,Gramercy Arts High School,Manhattan,2.972192513368984,187
02M376,NYC iSchool,Manhattan,4.145029940119761,167
02M392,Manhattan Business Academy,Manhattan,3.4484455958549223,193
02M393,Business Of Sports School,Manhattan,2.9312755102040815,196
02M394,Emma Lazarus High School,Manhattan,4.2160975609756095,164
02M397,Spruce Street School,Manhattan,3.739646017699115,113
02M399,The High School For Language And Diplomacy,Manhattan,2.8272340425531914,188
02M400,High School for Environmental Studies,Manhattan,2.8920918367346937,196
02M407,Institute for Collaborative Education,Manhattan,4.054352941176471,170
02M408,Professional Performing Arts High School,Manhattan,3.8900738007380076,271
02M411,Baruch College Campus High School,Manhattan,4.573742331288344,163
02M412,N.Y.C. Lab School for Collaborative Studies,Manhattan,4.378562874251497,167
02M413,School of the Future High School,Manhattan,3.8810000000000002,250
02M414,N.Y.C. Museum School,Manhattan,4.387682926829268,164
02M416,Eleanor Roosevelt High School,Manhattan,4.545696969696969,165
02M419,Landmark High School,Manhattan,2.982974683544304,158
02M420,High School for Health Professions and Human Services,Manhattan,3.6223463687150836,179
04M206,P.S. 206 Jose Celso Barbosa,Manhattan,2.9852459016393444,183
02M425,Leadership and Public Service High School,Manhattan,2.7923684210526316,190
02M427,Manhattan Academy For Arts & Language,Manhattan,2.673296703296703,182
02M432,Murray Hill Academy,Manhattan,3.1002158273381295,139
02M437,Hudson High School of Learning Technologies,Manhattan,2.908963730569948,193
02M438,International High School at Union Square,Manhattan,3.4433742331288344,163
02M473,Washington Irving Yabc,Manhattan,3.1775581395348835,86
02M489,High School of Economics and Finance,Manhattan,3.3554450261780104,191
02M507,Urban Assembly Gateway School for Technology,Manhattan,3.817553191489362,188
02M519,Talent Unlimited High School,Manhattan,3.8710119047619047,168
02M655,The High School for Climate Justice,Manhattan,2.3949808429118775,261
02M520,Murry Bergtraum High School for Business Careers,Manhattan,2.276300578034682,173
02M527,P.S. 527 - East Side School for Social Action,Manhattan,3.942075471698113,53
02M531,Repertory Company High School for Theatre Arts,Manhattan,4.1059171597633135,169
02M533,Union Square Academy for Health Sciences,Manhattan,3.1980898876404495,178
02M534,Harvest Collegiate High School,Manhattan,3.168768115942029,138
02M543,New Design High School,Manhattan,3.1840314136125656,191
02M545,High School for Dual Language and Asian Studies,Manhattan,4.510969696969697,165
02M550,Liberty High School Academy for Newcomers,Manhattan,3.475614035087719,171
02M551,Urban Assembly New York Harbor School,Manhattan,2.857760416666667,192
02M560,High School M560 - City As School,Manhattan,2.7969503546099292,141
02M565,Urban Academy Laboratory High School,Manhattan,3.356235294117647,85
02M570,Satellite Academy High School,Manhattan,3.2295714285714285,140
02M575,Manhattan Comprehensive Night and Day High School,Manhattan,3.136290322580645,186
02M580,Richard R. Green High School of Teaching,Manhattan,2.650159574468085,188
02M600,The High School of Fashion Industries,Manhattan,3.64232044198895,181
02M605,Humanities Preparatory Academy,Manhattan,3.7824271844660196,103
02M615,Chelsea Career and Technical Education High School,Manhattan,3.2406217616580313,193
03M009,P.S. 009 Sarah Anderson,Manhattan,4.066867469879518,83
02M630,Art and Design High School,Manhattan,3.5642528735632184,174
02M896,Lower Manhattan Community Middle School,Manhattan,4.186950354609929,141
02M933,City Knoll Middle School,Manhattan,3.1732142857142858,140
03M054,J.H.S. 054 Booker T. Washington,Manhattan,3.9608461538461537,130
03M075,P.S. 075 Emily Dickinson,Manhattan,3.4139097744360902,133
03M076,P.S. 076 A. Philip Randolph,Manhattan,2.482222222222222,171
03M084,P.S. 084 Lillian Weber,Manhattan,3.1466129032258063,124
03M087,P.S. 087 William Sherman,Manhattan,3.993855421686747,83
03M145,"P.S. 145, The Bloomingdale School",Manhattan,2.202027972027972,143
03M149,P.S. 149 Sojourner Truth,Manhattan,2.5933529411764704,170
03M163,P.S. 163 Alfred E. Smith,Manhattan,3.1901960784313728,102
03M165,P.S. 165 Robert E. Simon,Manhattan,2.777785234899329,149
03M166,P.S. 166 The Richard Rodgers School of The Arts and Technology,Manhattan,3.970506329113924,79
03M180,P.S. 180 Hugo Newman,Manhattan,2.488853503184713,157
03M191,The Riverside School for Makers and Artists,Manhattan,2.3358857142857143,175
03M199,P.S. 199 Jessie Isador Straus,Manhattan,3.9657142857142857,91
03M241,STEM Institute of Manhattan,Manhattan,2.6334615384615385,104
03M242,P.S. 242 - The Young Diplomats Magnet Academy,Manhattan,2.4543023255813954,86
03M243,M.S. 243 Center School,Manhattan,4.391101694915254,118
03M245,M.S. M245 The Computer School,Manhattan,4.259230769230769,130
03M247,M.S. M247 Dual Language Middle School,Manhattan,3.68527950310559,161
03M250,M.S. 250 West Side Collaborative Middle School,Manhattan,3.1129032258064515,93
03M256,Lafayette Academy,Manhattan,3.593717948717949,156
03M258,Community Action School - MS 258,Manhattan,3.503972602739726,146
03M291,West End Secondary School,Manhattan,4.3305232558139535,172
03M299,The Maxine Greene HS for Imaginative Inquiry,Manhattan,2.576363636363636,165
03M307,"Urban Assembly School for Media Studies, The",Manhattan,3.1571875,192
03M333,P.S. 333 Manhattan School for Children,Manhattan,3.3558823529411765,136
03M334,The Anderson School,Manhattan,4.556132075471698,106
03M402,The Urban Assembly School for Green Careers,Manhattan,3.03159793814433,194
03M403,The Global Learning Collaborative,Manhattan,2.9304545454545456,198
03M404,Innovation Diploma Plus,Manhattan,2.9504848484848485,165
03M415,Wadleigh Secondary School for the Performing & Visual Arts,Manhattan,3.2633222591362125,301
03M417,Frank McCourt High School,Manhattan,3.577176470588235,170
03M421,West Prep Academy,Manhattan,3.5412048192771084,166
03M452,P.S. 452,Manhattan,3.7858666666666667,75
03M479,Beacon High School,Manhattan,4.100597014925373,134
03M485,Fiorello H. LaGuardia High School of Music & Art and Performing Arts,Manhattan,4.332926829268293,164
03M492,"High School for Law, Advocacy and Community Justice",Manhattan,2.736165803108808,193
03M494,High School of Arts and Technology,Manhattan,2.5127319587628865,194
03M505,Edward A. Reynolds West Side High School,Manhattan,2.45,131
03M541,Manhattan / Hunter Science High School,Manhattan,4.469085365853658,164
12X316,Kappa III,Bronx,3.369666666666667,180
03M610,Young Women's Leadership School,Manhattan,3.8075172413793106,290
04M007,P.S. 007 Samuel Stern,Manhattan,2.8509550561797754,178
03M859,Special Music School,Manhattan,4.330318181818182,220
03M860,Frederick Douglass Academy II Secondary School,Manhattan,3.1752380952380954,315
03M862,Mott Hall II,Manhattan,3.212364864864865,148
04M012,Tag Young Scholars,Manhattan,4.517964601769911,113
04M037,River East Elementary,Manhattan,2.751413043478261,92
04M038,P.S. 38 Roberto Clemente,Manhattan,2.586851851851852,108
04M057,James Weldon Johnson,Manhattan,2.6204419889502764,181
04M072,The Lexington Academy,Manhattan,2.3494082840236685,169
04M083,P.S. 083 Luis Munoz Rivera,Manhattan,3.545327868852459,122
04M096,P.S. 096 Joseph Lanzetta,Manhattan,2.5584745762711862,177
04M102,P.S. 102 Jacques Cartier,Manhattan,2.47411214953271,107
04M108,P.S. 108 Assemblyman Angelo Del Toro Educational Complex,Manhattan,2.568826815642458,179
04M112,P.S. 112 Jose Celso Barbosa,Manhattan,2.51,14
04M146,P.S. 146 Ann M. Short,Manhattan,3.2928358208955224,134
04M155,P.S. 155 William Paca,Manhattan,2.4998387096774195,124
04M171,P.S. 171 Patrick Henry,Manhattan,4.043455882352942,136
04M182,The Bilingual Bicultural School,Manhattan,3.6370689655172415,116
04M224,M.S. 224 Manhattan East School for Arts & Academics,Manhattan,3.254567901234568,162
04M310,The Judith S. Kaye School,Manhattan,3.4290243902439026,82
04M372,Esperanza Preparatory Academy,Manhattan,3.312471590909091,352
04M375,Mosaic Preparatory Academy,Manhattan,3.0323076923076924,104
04M377,Renaissance School of the Arts,Manhattan,3.3404022988505746,174
04M435,Manhattan Center for Science and Mathematics,Manhattan,4.182732558139535,172
04M495,Park East High School,Manhattan,4.462810810810811,185
04M497,Central Park East I,Manhattan,2.488688524590164,61
04M555,Central Park East High School,Manhattan,4.419597701149425,174
04M680,"Heritage School, The",Manhattan,2.9503125,192
04M825,Isaac Newton Middle School for Math & Science,Manhattan,3.447093023255814,172
04M964,Central Park East II,Manhattan,2.4598319327731093,119
05M030,P.S. 030 Hernandez/Hughes,Manhattan,3.2070588235294117,102
05M036,P.S. 036 Margaret Douglas,Manhattan,2.9922400000000002,125
05M046,P.S. 046 Arthur Tappan,Manhattan,2.7846994535519127,183
05M092,P.S. 092 Mary McLeod Bethune,Manhattan,3.4681651376146787,109
05M123,P.S. 123 Mahalia Jackson,Manhattan,2.596057142857143,175
05M125,P.S. 125 Ralph Bunche,Manhattan,3.94,74
05M129,P.S. 129 John H. Finley,Manhattan,2.722148148148148,135
05M133,P.S. 133 Fred R Moore,Manhattan,3.3135922330097087,103
05M148,Eagle Academy for Young Men of Harlem,Manhattan,2.6970434782608694,230
05M154,P.S. 154 Harriet Tubman,Manhattan,2.9479130434782608,115
05M157,The Urban Assembly School for Global Commerce,Manhattan,2.4658024691358023,162
05M304,Mott Hall High School,Manhattan,2.738082901554404,193
05M161,P.S. 161 Pedro Albizu Campos,Manhattan,2.9559116022099445,181
05M175,P.S. 175 Henry H Garnet,Manhattan,3.002231404958678,121
05M194,P.S. 194 Countee Cullen,Manhattan,2.288448275862069,116
05M197,P.S. 197 John B. Russwurm,Manhattan,2.579230769230769,104
05M200,P.S. 200- The James McCune Smith School,Manhattan,2.6251470588235293,136
05M285,Harlem Renaissance High School,Manhattan,2.843825136612022,183
05M286,Urban Assembly Academy for Future Leaders,Manhattan,2.659736842105263,152
05M318,Thurgood Marshall Academy Lower School,Manhattan,2.6661363636363635,88
05M362,Columbia Secondary School,Manhattan,4.166996466431096,283
06M128,P.S. 128 Audubon,Manhattan,3.016230769230769,130
05M369,Urban Assembly School for the Performing Arts,Manhattan,2.951421052631579,190
05M499,Frederick Douglass Academy,Manhattan,2.488231884057971,345
05M514,New Design Middle School,Manhattan,2.4316216216216215,148
05M517,Teachers College Community School,Manhattan,2.7863725490196076,102
05M670,Thurgood Marshall Academy for Learning and Social Change,Manhattan,2.698562874251497,334
05M692,"High School for Mathematics, Science and Engineering at City College",Manhattan,4.5501875,160
06M004,P.S. 004 Duke Ellington,Manhattan,2.903550724637681,138
06M005,P.S. 005 Ellen Lurie,Manhattan,2.9327407407407406,135
06M008,P.S. 008 Luis Belliard,Manhattan,2.9954545454545456,132
06M018,P.S. 018 Park Terrace,Manhattan,2.642060606060606,165
06M028,P.S. 028 Wright Brothers,Manhattan,3.1407142857142856,140
06M048,P.S. 048 P.O. Michael J. Buczek,Manhattan,2.7952142857142857,140
06M052,Harold O. Levy School,Manhattan,3.2951807228915664,166
06M098,P.S. 098 Shorac Kappock,Manhattan,2.4904098360655738,122
06M103,Dos Puentes Elementary School,Manhattan,3.101408450704225,71
06M115,P.S. 115 Alexander Humboldt,Manhattan,2.78,132
06M132,P.S. 132 Juan Pablo Duarte,Manhattan,3.3001785714285714,112
06M223,The Mott Hall School,Manhattan,3.877593984962406,133
06M143,J.H.S. 143 Eleanor Roosevelt,Manhattan,3.0838414634146343,164
06M152,P.S. 152 Dyckman Valley,Manhattan,2.725563909774436,133
06M153,P.S. 153 Adam Clayton Powell,Manhattan,2.6762698412698414,126
06M173,P.S./I.S. 173 Fort Washington School in the Heights,Manhattan,2.8213513513513515,148
06M178,Professor Juan Bosch Public School,Manhattan,3.2401030927835053,97
06M187,P.S./I.S. 187 Hudson Cliffs,Manhattan,3.6507534246575344,146
06M189,P.S. 189,Manhattan,3.0853389830508475,118
06M192,P.S. 192 Jacob H. Schiff,Manhattan,3.2927358490566037,106
06M209,Hamilton Grange Middle School,Manhattan,3.244310344827586,174
06M210,P.S./I.S. 210 - Twenty-first Century Academy for Community Leadership,Manhattan,3.687826086956522,161
06M211,Inwood Early College for Health and Information Technologies,Manhattan,3.026778523489933,149
06M278,Paula Hedbavny School,Manhattan,3.382573099415205,171
06M293,City College Magnet School of the Arts,Manhattan,3.6110526315789473,323
06M311,Amistad Dual Language School,Manhattan,3.4156287425149703,167
06M314,Muscota,Manhattan,4.019875,80
06M319,M.S. 319 - Maria Teresa,Manhattan,3.246810810810811,185
06M322,Middle School 322,Manhattan,3.2824858757062145,177
06M324,M.S. 324 - Patria Mirabal,Manhattan,3.6176666666666666,180
06M328,Community Math & Science Prep,Manhattan,3.011197604790419,167
06M346,Community Health Academy of the Heights,Manhattan,3.1666487935656837,373
06M348,Washington Heights Expeditionary Learning School,Manhattan,3.1233513513513516,370
06M349,Harbor Heights,Manhattan,3.4642857142857144,91
06M366,Washington Heights Academy,Manhattan,4.048802816901408,142
06M368,The William Lynch School,Manhattan,2.3668518518518518,108
06M423,High School for Excellence and Innovation,Manhattan,3.7813690476190476,168
06M457,George Washington Yabc,Manhattan,3.8026923076923076,78
06M462,The College Academy,Manhattan,3.3754545454545455,198
06M463,High School for Media and Communications,Manhattan,2.6253,200
06M467,High School for Law and Public Service,Manhattan,2.8261306532663317,199
06M468,High School for Health Careers and Sciences,Manhattan,2.9924,200
06M513,Castle Bridge School,Manhattan,3.1563333333333334,30
06M528,I.S. 528 Bea Fuller Rodgers School,Manhattan,3.5680116959064327,171
06M540,A. Philip Randolph Campus High School,Manhattan,2.4945918367346938,196
06M552,Gregorio Luperon High School for Science and Mathematics,Manhattan,3.6969948186528496,193
07X001,P.S. 001 Courtlandt School,Bronx,2.3711029411764706,136
07X005,P.S. 5 Port Morris,Bronx,2.7969142857142857,175
07X018,P.S. 018 John Peter Zenger,Bronx,2.5004761904761903,126
07X025,P.S. 025 Bilingual School,Bronx,3.418880597014925,134
07X029,P.S./M.S. 029 Melrose School,Bronx,2.4646153846153847,182
07X030,P.S. 030 Wilton,Bronx,2.5455072463768116,138
07X031,P.S./M.S. 031 The William Lloyd Garrison,Bronx,2.6093296089385474,179
07X043,P.S. 043 Jonas Bronck,Bronx,3.1291338582677164,127
07X049,P.S. 049 Willis Avenue,Bronx,3.7696503496503495,143
07X065,P.S. 065 Mother Hale Academy,Bronx,3.0127906976744185,129
07X379,Jill Chaifetz Transfer High School,Bronx,2.631774193548387,186
07X151,J.H.S. 151 Lou Gehrig,Bronx,2.604257425742574,101
07X154,P.S. 154 Jonathan D. Hyatt,Bronx,3.47008547008547,117
07X157,P.S. 157 Grove Hill,Bronx,2.8484210526315787,133
07X161,P.S. 161 Juan Ponce De Leon School,Bronx,2.8464788732394366,142
07X179,P.S. 179,Bronx,2.890090909090909,110
07X221,South Bronx Preparatory: A College Board School,Bronx,3.8904359673024524,367
07X223,The Laboratory School of Finance and Technology: X223,Bronx,3.690875420875421,297
07X224,P.S./I.S. 224,Bronx,2.4933519553072627,179
07X259,"H.E.R.O. High (Health, Education, and Research Occupations High School)",Bronx,2.7757988165680474,169
07X277,P.S. 277,Bronx,2.9504166666666665,120
07X296,South Bronx Academy for Applied Media,Bronx,2.898100558659218,179
07X298,Academy of Public Relations,Bronx,2.8032386363636363,176
07X334,International Community High School,Bronx,3.440314465408805,159
07X343,Academy of Applied Mathematics and Technology,Bronx,3.8800564971751412,177
07X359,"Leaders of Excellence, Advocacy and Discovery",Bronx,4.352058823529412,68
07X369,Young Leaders Elementary School,Bronx,2.8299159663865545,119
07X381,Bronx Haven High School,Bronx,2.9804519774011298,177
07X427,Community School for Social Justice,Bronx,2.9103726708074533,161
07X456,Alfred E. Smith Campus YABC,Bronx,2.372872340425532,94
07X473,Mott Haven Village Preparatory High School,Bronx,2.32180412371134,194
07X495,University Heights Secondary School,Bronx,4.490902255639098,133
07X500,Hostos-Lincoln Academy of Science,Bronx,3.202274052478134,343
08X123,J.H.S. 123 James M. Kieran,Bronx,2.784331550802139,187
07X522,Bronx Design and Construction Academy,Bronx,2.3785416666666666,192
07X527,Bronx Leadership Academy II High School,Bronx,3.2903000000000002,200
07X548,Careers in Sports High School,Bronx,2.312030456852792,197
07X551,The Urban Assembly Bronx Academy of Letters,Bronx,2.8501612903225806,372
07X557,Mott Haven Community High School,Bronx,3.809619565217391,184
07X584,I.S. 584,Bronx,3.0223,100
07X600,Alfred E. Smith Career and Technical Education High School,Bronx,3.284141414141414,198
07X670,Health Opportunities High School,Bronx,2.5572820512820513,195
08X014,P.S. X014 Senator John Calandra,Bronx,3.1521259842519687,127
08X036,P.S. 036 Unionport,Bronx,3.257794117647059,136
08X048,P.S. 048 Joseph R. Drake,Bronx,2.4873381294964028,139
08X062,P.S. 062 Inocensio Casanova,Bronx,2.9290140845070423,142
08X069,P.S. 069 Journey Prep School,Bronx,3.5125,128
08X071,P.S. 071 Rose E. Scala,Bronx,3.2767213114754097,183
08X072,P.S. 072 Dr. William Dorney,Bronx,3.1336363636363638,132
08X075,P.S. 75 School of Research and Discovery,Bronx,2.9962857142857144,140
08X093,P.S. 093 Albert G. Oliver,Bronx,2.5991379310344827,116
08X100,P.S. 100 Isaac Clason,Bronx,2.6312403100775192,129
08X101,M.S. X101 Edward R. Byrne,Bronx,3.552,155
08X107,P.S. 107,Bronx,3.092627737226277,137
08X119,The Dr. Emmett W. Bassett School,Bronx,2.9358139534883723,129
08X130,P.S. 130 Abram Stevens Hewitt,Bronx,3.0013533834586466,133
08X131,J.H.S. 131 Albert Einstein,Bronx,2.771129943502825,177
08X138,P.S. 138 Samuel Randall,Bronx,2.681640625,128
08X140,P.S. X140 The Eagle School,Bronx,2.6654014598540146,137
08X146,P.S. 146 Edward Collins,Bronx,2.9836842105263157,133
08X152,P.S. 152 Evergreen,Bronx,2.8027083333333334,144
08X182,P.S. 182,Bronx,2.5564462809917354,121
08X269,Bronx Studio School for Writers and Artists,Bronx,2.732679045092838,377
08X282,Women's Academy of Excellence,Bronx,2.6251612903225805,186
08X293,Renaissance High School for Musical Theater and the Arts,Bronx,3.17078125,192
08X301,M.S. 301 Paul L. Dunbar,Bronx,2.2779234972677593,183
08X302,M.S. 302 Luisa Dessus Cruz,Bronx,3.381803278688525,183
08X304,P.S. 304 Early Childhood School,Bronx,3.3740186915887853,107
08X312,Millennium Art Academy,Bronx,3.0728717948717947,195
08X320,Pelham Lab High School,Bronx,2.436923076923077,169
08X333,The Longwood Academy of Discovery,Bronx,2.5786524822695034,141
08X337,The School for Inquiry and Social Justice,Bronx,3.6133522727272727,176
08X348,Schuylerville Preparatory High School,Bronx,2.42207100591716,169
09X053,P.S. 053 Basheer Quisim,Bronx,3.2038194444444446,144
08X349,Bronx River High School,Bronx,3.4856140350877194,171
08X367,"Archimedes Academy for Math, Science and Technology Applications",Bronx,2.5794262295081967,366
08X371,Urban Institute of Mathematics,Bronx,3.4020118343195267,169
08X375,The Bronx Mathematics Preparatory School,Bronx,2.6905494505494505,182
08X376,Antonia Pantoja Preparatory Academy: A College Board School,Bronx,2.9246994535519124,366
08X377,Bronx Community High School,Bronx,3.120115606936416,173
08X405,Herbert H. Lehman High School,Bronx,2.2125125628140703,199
08X408,Herbert H. Lehman Yabc,Bronx,3.085531914893617,94
08X424,Bronx Academy for Multi-Media,Bronx,3.131584699453552,183
08X432,Bronx Bridges High School,Bronx,3.0461421319796953,197
08X448,Soundview Academy for Culture and Scholarship,Bronx,2.995367231638418,177
08X452,Gotham Collaborative High School,Bronx,2.7806632653061225,196
08X467,Mott Hall Community School,Bronx,2.6387222222222224,180
08X507,Stevenson Yabc,Bronx,2.17375,88
08X530,Longwood Preparatory Academy,Bronx,3.032020202020202,198
08X537,Bronx Arena High School,Bronx,2.710542168674699,166
08X558,Westchester Square Academy,Bronx,2.992771739130435,184
08X559,School for Tourism and Hospitality,Bronx,2.1963392857142856,112
08X561,Bronx Compass High School,Bronx,2.4584239130434784,184
08X562,Pugsley Preparatory Academy,Bronx,2.961878453038674,181
08X583,P.S. 583,Bronx,2.9004761904761907,42
09X004,P.S./M.S. 004 Crotona Park West,Bronx,3.4965555555555556,180
09X011,P.S. 011 Highbridge,Bronx,2.6526811594202897,138
09X022,J.H.S. 022 Jordan L. Mott,Bronx,2.840457142857143,175
09X028,P.S. 028 Mount Hope,Bronx,2.9822535211267605,142
09X035,P.S. 035 Franz Siegel,Bronx,2.4993478260869564,138
09X042,P.S. 042 Claremont,Bronx,3.263,140
09X055,P.S. 055 Benjamin Franklin,Bronx,2.4772093023255812,129
09X058,P.S. 058,Bronx,2.757265625,128
09X063,P.S. 063 Author's Academy,Bronx,3.26036231884058,138
09X070,P.S. 070 Max Schoenfeld,Bronx,2.7084722222222224,144
09X073,P.S. 073 Bronx,Bronx,2.4671875,128
09X088,P.S. X088 - S. Silverstein Little Sparrow School,Bronx,3.1613636363636366,22
09X109,P.S. 109 Sedgwick,Bronx,2.4915555555555557,135
09X110,P.S. 110 Theodore Schoenfeld,Bronx,2.7703030303030305,132
09X114,P.S. X114 - Luis Llorens Torres Schools,Bronx,2.376642857142857,140
09X117,I.S. 117 Joseph H. Wade,Bronx,2.8652747252747255,182
09X126,P.S. 126 Dr Marjorie H Dunbar,Bronx,2.9786923076923078,130
09X128,Mott Hall III,Bronx,3.5255151515151515,165
09X132,P.S. 132 Garret A. Morgan,Bronx,2.716417910447761,134
09X163,P.S. 163 Arthur A. Schomburg,Bronx,2.9773387096774195,124
09X170,P.S. 170,Bronx,2.9385714285714286,14
09X199,P.S. 199X - The Shakespeare School,Bronx,2.894812030075188,133
09X204,P.S. 204 Morris Heights,Bronx,4.16463768115942,138
09X215,Kappa,Bronx,3.2697752808988763,178
09X218,P.S./I.S. 218 Rafael Hernandez Dual Language Magnet School,Bronx,2.9604790419161677,167
09X219,I.S. 219 New Venture School,Bronx,2.9153107344632767,177
09X227,Bronx Collegiate Academy,Bronx,3.0755837563451776,197
09X229,I.S. 229 Roland Patterson,Bronx,2.880965909090909,176
09X231,Eagle Academy for Young Men,Bronx,3.167694524495677,347
09X232,I.S. 232,Bronx,3.2037158469945357,183
09X236,P.S. 236 Langston Hughes,Bronx,3.0072972972972973,111
09X241,"Urban Assembly School for Applied Math and Science, The",Bronx,3.057008086253369,371
09X250,Eximius College Preparatory Academy: A College Board School,Bronx,3.6384895833333335,192
09X252,Mott Hall Bronx High School,Bronx,3.2885786802030457,197
09X260,Bronx Center for Science and Mathematics,Bronx,3.9360655737704917,183
09X263,Validus Preparatory Academy,Bronx,2.461269035532995,197
09X274,The New American Academy at Roberto Clemente State Park,Bronx,2.3452100840336136,119
09X294,The Walton Avenue School,Bronx,3.5393137254901963,102
09X297,Morris Academy for Collaborative Studies,Bronx,3.350251256281407,199
09X303,I.S. X303 Leadership & Community Service,Bronx,3.66448275862069,174
09X311,Lucero Elementary School,Bronx,2.9535416666666667,96
09X313,I.S. 313 School of Leadership Development,Bronx,2.63698224852071,169
09X323,Bronx Writing Academy,Bronx,3.093224043715847,183
09X324,Bronx Early College Academy for Teaching & Learning,Bronx,3.252556818181818,352
09X327,Comprehensive Model School Project M.S. 327,Bronx,3.3934463276836158,354
09X328,New Millennium Bronx Academy of the Arts,Bronx,2.928820224719101,178
09X329,DreamYard Preparatory School,Bronx,3.1075634517766497,197
09X350,New Directions Secondary School,Bronx,2.3471065989847717,197
09X361,The Highbridge Green School,Bronx,3.278820224719101,178
09X365,Academy for Language and Technology,Bronx,4.499274611398964,193
09X403,Bronx International High School,Bronx,3.6694805194805196,154
09X404,School for Excellence,Bronx,2.717058823529412,170
09X412,Bronx High School of Business,Bronx,2.5269035532994923,197
09X413,Bronx High School for Medical Science,Bronx,3.328988095238095,336
09X443,The Family School,Bronx,3.6085925925925926,135
09X449,Grant Avenue Elementary School,Bronx,3.0980882352941177,136
09X454,Science and Technology Academy: A Mott Hall School,Bronx,4.2584153005464485,183
09X457,Sheridan Academy for Young Leaders,Bronx,2.847669172932331,133
09X505,"Bronx School for Law, Government and Justice",Bronx,3.204010989010989,364
09X517,Frederick Douglass Academy III Secondary School,Bronx,3.2315736040609138,197
09X525,Bronx Leadership Academy High School,Bronx,2.6688059701492537,201
09X543,High School for Violin and Dance,Bronx,2.6578534031413614,191
10X086,P.S. 086 Kingsbridge Heights,Bronx,3.160805369127517,149
09X555,Mount Eden Children's Academy,Bronx,3.217623762376238,101
09X564,Claremont International HS,Bronx,3.4192763157894737,152
09X568,Young Women's Leadership School of the Bronx,Bronx,3.2963178294573643,258
10X003,P.S. 3 Raul Julia Micro Society,Bronx,3.384831460674157,178
10X007,Milton Fein School,Bronx,3.3582758620689654,116
10X008,P.S. 008 Isaac Varian,Bronx,3.0119444444444445,144
10X009,P.S. 9 Ryer Avenue Elementary School,Bronx,3.0224647887323943,142
10X015,P.S. X015 Institute for Environmental Learning,Bronx,3.3366867469879518,166
10X020,"PS/MS 20 P.O.George J. Werdann, III",Bronx,2.8203351955307263,179
10X023,P.S. 023 The New Children's School,Bronx,2.561159420289855,138
10X024,P.S. 024 Spuyten Duyvil,Bronx,3.783012048192771,83
10X032,P.S. 032 Belmont,Bronx,2.728380281690141,142
10X033,P.S. 033 Timothy Dwight,Bronx,2.9189583333333333,144
10X037,P.S. X037 - Multiple Intelligence School,Bronx,3.0523728813559323,177
10X045,Thomas C. Giordano Middle School 45,Bronx,2.897955801104972,181
10X046,P.S. 046 Edgar Allan Poe,Bronx,2.406875,144
10X051,The Bronx STEM and Arts Academy,Bronx,2.3466233766233766,77
10X054,P.S./I.S. 54,Bronx,2.535267175572519,131
10X056,P.S. 056 Norwood Heights,Bronx,3.0141666666666667,144
10X059,P.S. 059 The Community School of Technology,Bronx,2.5415972222222223,144
10X080,J.H.S. 080 The Mosholu Parkway,Bronx,3.3866120218579234,183
10X081,P.S. 081 Robert J. Christen,Bronx,3.747317073170732,82
10X085,P.S. 085 Great Expectations,Bronx,2.451736111111111,144
10X091,P.S. 091 Bronx,Bronx,2.818985507246377,138
10X094,P.S. 094 Kings College School,Bronx,2.2147058823529413,136
10X095,P.S. 095 Sheila Mencher,Bronx,3.0229508196721313,183
10X118,J.H.S. 118 William W. Niles,Bronx,2.732896174863388,183
10X141,Riverdale / Kingsbridge Academy (Middle School / High School 141),Bronx,3.2960344827586208,348
10X159,P.S. 159 Luis Munoz Marin Biling,Bronx,2.9645714285714284,105
10X205,P.S. 205 Fiorello LaGuardia,Bronx,2.9577142857142857,140
10X206,I.S. 206 Ann Mersereau,Bronx,3.0326285714285715,175
10X207,P.S. 207,Bronx,2.9335714285714287,56
10X209,P.S. 209,Bronx,2.995,14
10X213,Bronx Engineering and Technology Academy,Bronx,2.8924747474747474,198
10X225,Theatre Arts Production Company School,Bronx,2.966401179941003,339
10X226,P.S. 226,Bronx,3.2145669291338583,127
10X228,Jonas Bronck Academy,Bronx,3.3355681818181817,176
10X237,"The Marie Curie High School for Medicine, Nursing, and Health Professions",Bronx,2.5164583333333335,192
10X243,West Bronx Academy for the Future,Bronx,2.9124603174603174,378
10X244,The New School for Leadership and Journalism,Bronx,3.8526519337016576,181
10X246,P.S. 246 Poe Center,Bronx,2.380571428571429,140
10X254,I.S. 254,Bronx,3.1488524590163935,183
10X264,Bronx Academy for Software Engineering (BASE),Bronx,2.9946987951807227,166
10X268,Kingsbridge International High School,Bronx,2.27752688172043,186
10X279,"P.S. 279 Captain Manuel Rivera, Jr.",Bronx,3.452914285714286,175
10X280,P.S./M.S. 280 Mosholu Parkway,Bronx,3.3560893854748604,179
10X284,Bronx School of Law and Finance,Bronx,2.899597989949749,199
10X291,P.S. 291,Bronx,3.156044776119403,134
10X306,P.S. 306,Bronx,2.643712121212121,132
10X307,Luisa Pineiro Fuentes School of Science and Discovery,Bronx,2.6350980392156864,102
10X308,Bronx Dance Academy School,Bronx,3.8544444444444443,171
10X310,P.S. 310 Marble Hill,Bronx,2.868235294117647,136
10X315,P.S. 315 Lab School,Bronx,2.9594545454545456,165
10X319,Providing Urban Learners Success In Education High School,Bronx,2.636949152542373,177
10X331,The Bronx School of Young Leaders,Bronx,3.0053757225433526,173
10X340,P.S. 340,Bronx,3.021897810218978,137
10X342,International School for Liberal Arts,Bronx,3.124753623188406,345
10X344,Ampark Neighborhood,Bronx,2.8945833333333333,96
10X351,Bronx Collaborative High School,Bronx,2.7960992907801416,141
10X353,World View High School,Bronx,4.11906432748538,171
10X360,P.S. 360,Bronx,2.621328125,128
10X363,Academy For Personal Leadership And Excellence,Bronx,3.1772677595628416,183
10X368,In-Tech Academy (M.S. / High School 368),Bronx,3.0573458445040216,373
10X374,Knowledge and Power Preparatory Academy International High School (Kappa),Bronx,3.9226903553299493,197
10X382,"Elementary School for Math, Science, and Technology",Bronx,2.3496296296296295,108
10X386,School for Environmental Citizenship,Bronx,2.6253076923076923,130
10X390,M.S. 390,Bronx,3.0833333333333335,177
10X391,The Angelo Patri Middle School,Bronx,2.6923497267759564,183
10X396,P.S. 396,Bronx,3.1168992248062017,129
10X397,English Language Learners and International Support Preparatory Academy (ELLIS),Bronx,3.6401785714285713,112
10X433,High School for Teaching and the Professions,Bronx,3.155707070707071,198
10X434,Belmont Preparatory High School,Bronx,3.578941798941799,189
10X437,Fordham High School for the Arts,Bronx,4.211720430107527,186
10X438,Fordham Leadership Academy,Bronx,3.440502512562814,199
10X439,Bronx High School for Law and Community Service,Bronx,3.860964467005076,197
10X440,DeWitt Clinton High School,Bronx,2.835323383084577,201
10X442,"Celia Cruz Bronx High School of Music, The",Bronx,3.9388172043010754,186
10X445,The Bronx High School of Science,Bronx,4.789,160
10X447,Creston Academy,Bronx,3.705142857142857,175
10X459,East Fordham Academy for the Arts,Bronx,2.5387962962962964,108
10X477,Marble Hill High School for International Studies,Bronx,4.452886597938145,194
10X503,Walton Yabc,Bronx,3.120430107526882,93
10X504,Kennedy Yabc,Bronx,2.2716129032258063,93
10X524,Crotona International High School,Bronx,3.111948051948052,154
10X546,Bronx Theatre High School,Bronx,2.883937823834197,193
10X549,Discovery High School,Bronx,4.031557788944724,199
10X565,High School for Energy and Technology,Bronx,3.2804918032786885,183
10X668,Dewitt Clinton Campus YABC,Bronx,3.08955223880597,67
10X696,High School of American Studies at Lehman College,Bronx,4.80171974522293,157
11X083,P.S. 083 Donald Hertz,Bronx,2.919125683060109,183
11X016,P.S. 016 Wakefield,Bronx,2.9701785714285713,112
11X019,P.S. 019 Judith K. Weiss,Bronx,3.292091503267974,153
11X021,P.S. 021 Philip H. Sheridan,Bronx,2.6663247863247865,117
11X041,P.S. 041 Gun Hill Road,Bronx,2.581374045801527,131
11X068,P.S. 068 Bronx,Bronx,3.480683760683761,117
11X076,P.S. 076 The Bennington School,Bronx,2.4052272727272728,132
11X078,P.S. 078 Anne Hutchinson,Bronx,2.5444262295081965,122
11X087,P.S. 087 Bronx,Bronx,2.7390909090909092,110
11X089,P.S. 089 Bronx,Bronx,3.067142857142857,182
11X096,P.S. 096 Richard Rodgers,Bronx,3.2120472440944883,127
11X097,P.S. 097 Bronx,Bronx,2.8055084745762713,118
11X103,P.S. 103 Hector Fontanez,Bronx,2.558333333333333,132
11X105,P.S. 105 Sen Abraham Bernstein,Bronx,2.9695454545454547,132
11X265,Bronx Lab School,Bronx,2.9419875776397517,161
11X106,P.S. 106 Parkchester,Bronx,2.787851851851852,135
11X108,P.S. 108 Philip J. Abinanti,Bronx,3.4246296296296297,108
11X111,P.S. 111 Seton Falls,Bronx,2.4323333333333332,120
11X112,P.S. 112 Bronxwood,Bronx,2.4765853658536585,123
11X121,P.S. 121 Throop,Bronx,2.199,120
11X127,J.H.S. 127 The Castle Hill,Bronx,3.0123076923076924,182
11X144,J.H.S. 144 Michelangelo,Bronx,3.403583815028902,173
11X153,P.S. 153 Helen Keller,Bronx,3.002061855670103,97
11X160,P.S. 160 Walt Disney,Bronx,2.900093457943925,107
11X169,Baychester Academy,Bronx,3.711182795698925,93
11X175,P.S. 175 City Island,Bronx,2.751287878787879,132
11X178,P.S. 178 - Dr. Selman Waksman,Bronx,2.665982905982906,117
11X180,M.S. 180 Dr. Daniel Hale Williams,Bronx,3.0544230769230767,156
11X181,I.S. 181 Pablo Casals,Bronx,3.7882456140350875,171
11X189,Cornerstone Academy for Social Action,Bronx,2.615675675675676,111
11X194,P.S./M.S. 194,Bronx,2.8124293785310734,177
11X249,Bronx Health Sciences High School,Bronx,3.8062721893491123,169
11X253,Bronx High School for Writing and Communication Arts,Bronx,2.7316666666666665,168
11X270,Academy for Scholarship and Entrepreneurship: A College Board School,Bronx,3.0013020833333335,192
11X275,High School of Computers and Technology,Bronx,3.2389690721649487,194
11X544,High School for Contemporary Arts,Bronx,2.94510101010101,198
11X287,North Bronx School of Empowerment,Bronx,2.339943820224719,178
11X288,Collegiate Institute for Math and Science,Bronx,3.34344262295082,183
11X290,Bronx Academy of Health Careers,Bronx,3.2281538461538464,195
11X299,Astor Collegiate Academy,Bronx,2.6852820512820514,195
12X248,"Metropolitan High School, The",Bronx,2.468762886597938,194
11X326,Bronx Green Middle School,Bronx,3.025934065934066,182
11X355,Bronx Alliance Middle School,Bronx,2.7963975155279504,161
11X357,Young Voices Academy of the Bronx,Bronx,2.6824615384615385,65
11X370,Leaders of Tomorrow,Bronx,2.682290502793296,179
11X417,C Columbus Hs Yabc,Bronx,3.386705882352941,85
11X418,Bronx High School for the Visual Arts,Bronx,2.7874871794871794,195
11X455,Harry S Truman High School,Bronx,3.0551776649746194,197
11X462,Cornerstone Academy for Social Action Middle School (CASA),Bronx,2.8535616438356164,146
11X468,Pelham Academy of Academics and Community Engagement,Bronx,3.116904761904762,168
11X481,The STEAM Bridge School,Bronx,3.380526315789474,38
11X483,The Matilda Avenue School,Bronx,2.278125,48
11X498,P.S./M.S. 11X498 - Van Nest Academy,Bronx,3.37527950310559,161
11X508,Bronxdale High School,Bronx,2.8354450261780104,191
11X509,High School of Language and Innovation,Bronx,3.4573262032085563,187
11X513,New World High School,Bronx,4.026269430051814,193
11X514,The Bronxwood Preparatory Academy,Bronx,3.0291709844559587,193
11X529,One World Middle School at Edenwald,Bronx,3.5146341463414634,164
11X532,Baychester Middle School,Bronx,2.742424242424242,165
11X542,Pelham Preparatory Academy,Bronx,3.541243523316062,193
11X545,Bronx Aerospace High School,Bronx,2.97875,192
11X556,Bronx Park Middle School,Bronx,3.0060893854748603,179
11X566,Pelham Gardens Middle School,Bronx,3.1604678362573098,171
11X567,Linden Tree Elementary School,Bronx,2.5198809523809524,84
12X006,P.S. 006 West Farms,Bronx,2.4274999999999998,132
12X044,P.S. 044 David C. Farragut,Bronx,2.976605504587156,109
12X047,P.S. 047 John Randolph,Bronx,2.3938028169014083,142
12X057,P.S. 057 Crescent,Bronx,2.435766423357664,137
12X061,P.S. 061 Francisco Oller,Bronx,2.79,113
12X066,P.S. 066 School of Higher Expectations,Bronx,3.0907971014492754,138
12X067,P.S. 067 Mohegan School,Bronx,3.456218487394958,119
12X098,J.H.S. 098 Herman Ridder,Bronx,3.0424285714285713,140
12X129,M.S. 129 Academy for Independent Learning and Leadership,Bronx,3.885573770491803,183
12X134,P.S. 134 George F. Bristow,Bronx,2.3341666666666665,132
12X150,P.S. 150 Charles James Fox,Bronx,2.92875,136
12X190,E.S.M.T- I.S. 190,Bronx,3.1466666666666665,174
12X195,P.S. 195,Bronx,2.2761805555555554,144
12X196,P.S. 196,Bronx,2.516642857142857,140
12X211,P.S. 211,Bronx,3.0577941176470587,136
12X212,P.S. 212,Bronx,2.4885869565217393,92
12X214,P.S. 214,Bronx,2.476810810810811,185
12X217,School of Performing Arts,Bronx,2.7596629213483146,178
12X242,Mott Hall V,Bronx,3.4386772486772488,378
12X251,Explorations Academy H.S.,Bronx,3.0428282828282827,198
12X267,Bronx Latin,Bronx,3.6832439678284183,373
12X271,East Bronx Academy for the Future,Bronx,3.1000787401574805,381
12X273,Frederick Douglass Academy V. Middle School,Bronx,2.9838418079096045,177
12X286,Fannie Lou Hamer Middle School,Bronx,2.5481714285714285,175
12X300,The School of Science and Applied Learning,Bronx,2.298888888888889,144
12X314,Fairmont Neighborhood School,Bronx,2.3801834862385323,109
12X318,"I.S. X318 Math, Science & Technology Through Arts",Bronx,2.6478571428571427,182
12X383,Emolior Academy,Bronx,3.10731843575419,179
12X388,Pan American International High School at Monroe,Bronx,4.257701863354037,161
12X428,Learning To Work Yabc At Monroe Academy,Bronx,2.272043010752688,93
12X446,Arturo A. Schomburg Satellite Academy Bronx,Bronx,3.3156756756756756,148
12X463,Urban Scholars Community School,Bronx,2.9956589147286823,129
12X478,The Cinema School,Bronx,3.21,179
12X479,Bronx Career and College Preparatory High School,Bronx,1.9958247422680413,194
12X480,Bronx Regional High School,Bronx,2.41812865497076,171
12X511,Bronx Envision Academy,Bronx,2.9094329896907216,194
12X521,The Metropolitan Soundview High School,Bronx,2.917113402061856,194
12X531,Archer Elementary School,Bronx,3.0844444444444443,135
12X536,P.S. 536,Bronx,2.638220338983051,118
12X550,High School of World Cultures,Bronx,2.790748663101604,187
12X682,Fannie Lou Hamer Freedom High School,Bronx,3.4919254658385093,161
12X684,Wings Academy,Bronx,2.4219170984455958,193
12X691,Bronx Little School,Bronx,2.7489830508474578,118
08X125,J.H.S. 125 Henry Hudson,Bronx,3.0881012658227847,79
75M079,P.S. M079 - Horan School,Manhattan,2.697142857142857,21
75M094,P.S. M094,Manhattan,3.3114285714285714,21
75M138,P.S. 138,Manhattan,3.1957142857142857,21
75M169,P.S. M169 - Robert F. Kennedy,Manhattan,3.8657142857142857,21
75M721,P.S. M721 - Manhattan Occupational Training Center,Manhattan,2.459047619047619,21
75M751,Manhattan School for Career Development,Manhattan,2.9714285714285715,21
75M811,P.S. M811 - Mickey Mantle School,Manhattan,3.6766666666666667,21
75X012,P.S. X012 Lewis and Clark School,Bronx,2.9042857142857144,21
75X017,P.S. X017,Bronx,3.6352380952380954,21
75X168,P.S. 168,Bronx,3.6176190476190477,21
75X176,P.S. X176,Bronx,3.2814285714285716,21
75X186,P186X Walter J. Damrosch School,Bronx,3.600952380952381,21
75X188,P.S. X188,Bronx,3.315714285714286,21
75X352,The Vida Bogart School for All Children,Bronx,3.5557142857142856,21
75X469,The Bronx School for Continuous Learners,Bronx,3.8528571428571428,21
75X721,P.S. X721 - Stephen McSweeney School,Bronx,2.564761904761905,21
75X723,P.S. 723,Bronx,3.9285714285714284,21
75X754,J. M. Rapport School Career Development,Bronx,2.584285714285714,21
84M336,KIPP Infinity Charter School,Manhattan,3.4452255639097746,266
84M481,Democracy Preparatory Harlem Charter School,Manhattan,2.9691639871382636,311
84M065,Democracy Preparatory Endurance Charter School,Manhattan,3.301990291262136,206
84M068,KIPP NYC Washington Heights Academy Charter School,Manhattan,3.646987951807229,166
84M080,Manhattan Charter School II,Manhattan,2.7948387096774194,62
84M085,Global Community Charter School,Manhattan,2.887345132743363,113
84M100,Neighborhood Charter School of Harlem,Manhattan,3.7055140186915887,107
84M168,East Harlem Scholars Academy Charter School II,Manhattan,2.6535051546391752,97
84M170,Success Academy Charter School - Hell's Kitchen,Manhattan,4.439607843137255,51
84M174,Success Academy Charter School - Union Square,Manhattan,4.238142857142857,70
84M186,Harlem Hebrew Language Academy Charter School,Manhattan,2.3013725490196077,51
84M202,Great Oaks Kathleen Sherry Charter School,Manhattan,3.19,158
84M204,Capital Preparatory Harlem Charter School,Manhattan,2.3968421052631577,133
84M263,New York City Charter School of the Arts,Manhattan,2.8989230769230767,65
84M265,Success Academy Charter School - Washington Heights,Manhattan,4.313478260869565,46
84M279,Opportunity Charter School,Manhattan,2.852050561797753,356
84M284,Harlem Children's Zone Promise Academy Charter School,Manhattan,3.715686274509804,306
84M708,Harlem Prep Charter School,Manhattan,2.8758267716535433,254
84M295,School in the Square Public Charter School,Manhattan,3.020737704918033,122
84M320,Manhattan Charter School,Manhattan,3.299390243902439,82
84M329,Harlem Link Charter School,Manhattan,2.8704901960784315,102
84M330,Girls Preparatory Charter School of New York,Manhattan,3.248,100
84M335,Harlem Village Academy East Charter School,Manhattan,3.4548809523809525,252
84M337,NYC Autism Charter School East Harlem,Manhattan,1.7215384615384615,13
84M338,WHIN Music Community Charter School,Manhattan,2.523921568627451,51
84M341,Harlem Children's Zone Promise Academy II Charter School,Manhattan,3.365985401459854,274
84M350,Democracy Preparatory Charter School,Manhattan,3.3597492163009406,319
84M351,Success Academy Charter School - Harlem 1,Manhattan,3.5036666666666667,150
84M353,New Heights Academy Charter School,Manhattan,3.6346857142857143,350
84M357,Success Academy Charter School - Norwood,Manhattan,3.708823529411765,17
84M358,Success Academy Charter School - Hudson Yards,Manhattan,4.227647058823529,34
84M382,DREAM Charter School East Harlem,Manhattan,3.61434554973822,191
84M384,Success Academy Charter School - Harlem 2,Manhattan,4.23,71
84M385,Success Academy Charter School - Harlem 3,Manhattan,4.067052631578948,95
84M386,Success Academy Charter School - Harlem 4,Manhattan,4.322739726027398,73
84M388,St. HOPE Leadership Academy Charter School,Manhattan,3.450359281437126,167
84M430,The Equity Project Charter School,Manhattan,3.6188,175
84M433,Innovation Charter High School,Manhattan,2.6259459459459458,185
84M478,Inwood Academy for Leadership Charter School,Manhattan,3.0926451612903225,310
84M482,Success Academy Charter School - Harlem 5,Manhattan,4.1336458333333335,96
84M483,New York French-American Charter School,Manhattan,3.0983870967741933,124
84M518,East Harlem Scholars Academy Charter School,Manhattan,2.586480446927374,179
84M522,Broome Street Academy Charter High School,Manhattan,2.2383823529411764,136
84M523,Success Academy Charter School - Upper West,Manhattan,4.283,90
84M702,Sisulu-Walker Charter School of Harlem,Manhattan,3.608169014084507,71
84M704,Harbor Science and Arts Charter School,Manhattan,2.5487704918032787,122
84M705,Amber Charter School East Harlem,Manhattan,3.0980208333333334,96
84M707,John V. Lindsay Wildcat Academy Charter School,Manhattan,2.8581065088757396,169
84M709,Harlem Village Academy North Charter School,Manhattan,3.3968674698795183,249
84M726,KIPP S.T.A.R. College Preparatory Charter School,Manhattan,3.7256521739130437,253
84M861,Future Leaders Institute Charter School,Manhattan,2.823286713286713,143
84X124,Children's Aid College Preparatory Charter School,Bronx,3.4501941747572817,103
84X133,Icahn Charter School 6,Bronx,3.6458064516129034,93
84X165,Grand Concourse Academy Charter School,Bronx,3.339159663865546,119
84X177,Mott Hall Charter School,Bronx,2.87722972972973,148
84X185,Pharos Academy Charter School,Bronx,3.440170068027211,294
84X200,New Visions AIM Charter High School II,Bronx,1.9674015748031497,127
84X202,United Charter High School for Advanced Math and Science ll,Bronx,4.155,178
84X208,United Charter High School for the Humanities II,Bronx,2.9678531073446326,177
84X233,Family Life Academy Charter School II,Bronx,2.983660714285714,112
84X255,Bronx Charter School for Excellence,Bronx,3.7337168141592922,113
84X256,Heketi Community Charter School,Bronx,3.013818181818182,55
84X309,South Bronx Charter School for International Cultures and the Arts,Bronx,3.461637931034483,116
84X345,Leaders In Our Neighborhood Charter School,Bronx,3.2284463276836157,354
84X346,South Bronx Classical Charter School,Bronx,4.243421052631579,114
84X347,International Leadership Charter High School,Bronx,3.3789637305699483,193
84X362,Icahn Charter School 7,Bronx,3.576883116883117,77
84X364,South Bronx Classical Charter School II,Bronx,4.376438356164384,73
84X378,Icahn Charter School 2,Bronx,3.9321739130434783,92
84X380,Success Academy Charter School - Bronx 3,Bronx,3.9295180722891567,83
84X387,Brilla College Preparatory Charter School,Bronx,3.388135593220339,118
84X389,Bronx Global Learning Institute for Girls Charter School,Bronx,2.822416666666667,120
84X393,University Prep Charter High School,Bronx,4.2480769230769235,182
84X394,Mott Haven Charter School,Bronx,3.2475539568345324,139
84X395,"NYC Charter High School for Architecture, Engineering and Construction Industries",Bronx,4.028148148148148,189
84X398,Bronx Community Charter School,Bronx,2.9011920529801323,151
84X407,Access Bronx Charter School,Bronx,2.91,123
84X419,Bronx Academy of Promise Charter School,Bronx,3.3753030303030305,132
84X422,Icahn Charter School 3,Bronx,4.155764705882353,85
84X429,Charter High School for Law and Social Justice,Bronx,2.4662376237623764,101
84X460,Atmosphere Academy Public Charter School,Bronx,3.617483870967742,155
84X461,Nuasin Next Generation Charter School,Bronx,2.8813953488372093,215
84X464,Success Academy Charter School - Bronx 4,Bronx,4.216590909090909,44
84X465,Boys Preparatory Charter School of New York,Bronx,3.1483870967741936,93
84X471,American Dream Charter School,Bronx,3.359658536585366,205
84X472,Family Life Academy Charter School III,Bronx,2.819591836734694,49
84X482,Dr. Richard Izquierdo Health and Science Charter School,Bronx,3.1869594594594592,296
84X484,Bronx Charter School for Better Learning II,Bronx,2.6706666666666665,45
84X487,Girls Preparatory Charter School of the Bronx,Bronx,3.2426984126984126,126
84X488,The Equality Charter School,Bronx,3.1148275862068964,290
84X491,Academic Leadership Charter School,Bronx,4.07718954248366,153
84X492,South Bronx Early College Academy Charter School,Bronx,2.7696268656716416,134
84X493,Success Academy Charter School - Bronx 1,Bronx,4.27974358974359,78
84X494,Success Academy Charter School - Bronx 2,Bronx,4.216,100
84X496,Icahn Charter School 4,Bronx,4.033544303797468,79
84X538,Icahn Charter School 5,Bronx,3.6769230769230767,78
84X539,United Charter High School for Advanced Math and Science,Bronx,3.2392265193370164,181
84X553,United Charter High School for the Humanities,Bronx,3.472994350282486,177
84X554,Choice Charter School,Bronx,2.7622033898305083,118
84X579,Bronx Charter School for Excellence 2,Bronx,4.250754716981132,53
84X581,South Bronx Community Charter High School,Bronx,2.1205555555555557,72
84X585,Legacy College Preparatory Charter School,Bronx,2.995833333333333,132
84X586,Brilla Veritas Charter School,Bronx,3.2242,50
84X588,South Bronx Classical Charter School IV,Bronx,4.3663043478260875,46
84X589,Bronx Charter School for Excellence 3,Bronx,3.797111111111111,45
84X592,Amber Charter School Kingsbridge,Bronx,2.751818181818182,66
84X703,Bronx Preparatory Charter School,Bronx,3.383400576368876,347
84X704,KIPP Academy Charter School,Bronx,3.660884353741497,294
84X705,Family Life Academy Charter School,Bronx,2.835371900826446,121
84X706,Harriet Tubman Charter School,Bronx,3.5733070866141734,127
84X717,Icahn Charter School 1,Bronx,3.468859649122807,114
84X718,Bronx Charter School for Better Learning,Bronx,3.298804347826087,92
84X730,Bronx Charter School for the Arts,Bronx,3.2337037037037035,135
01M301,"Technology, Arts, and Sciences Studio",Manhattan,3.0386567164179104,67
02M340,Sixth Avenue Elementary School,Manhattan,3.5,37
12X384,Entrada Academy,Bronx,2.606875,80
03M185,The Locke School of Arts and Engineering,Manhattan,2.51,42
03M208,P.S. 208 Alain L. Locke,Manhattan,3.0524193548387095,62
04M050,P.S. 050 Vito Marcantonio,Manhattan,2.9623076923076925,78
04M406,Global Technology Preparatory,Manhattan,3.309189189189189,74
04M409,Coalition School for Social Change,Manhattan,2.843777777777778,90
05M302,KAPPA IV,Manhattan,2.328101265822785,79
05M367,Academy for Social Action,Manhattan,2.0325,88
06M218,I.S. 218 Salome Urena,Manhattan,3.088227848101266,79
07X547,New Explorers High School,Bronx,1.921304347826087,92
08X332,Holcombe L. Rucker School of Community Research,Bronx,2.956043956043956,91
08X392,Bronx Delta School,Bronx,2.883265306122449,49
08X519,Felisa Rincon de Gautier Institute for Law and Pub,Bronx,1.933956043956044,91
09X325,Urban Science Academy,Bronx,2.3035443037974686,79
10X077,Bedford Park Elementary School,Bronx,2.276666666666667,60
12X092,P.S. 092 Bronx,Bronx,2.436060606060606,66
12X321,Crotona Academy High School,Bronx,2.7258441558441557,77
12X372,Urban Assembly School for Wildlife Conservation,Bronx,2.56859649122807,171
12X458,Samara Community School,Bronx,3.2542857142857144,49
84X486,Rosalyn Yalow Charter School,Bronx,3.5808,50
84X489,South Bronx Classical Charter School III,Bronx,4.209433962264151,53
84X497,Storefront Academy Charter School,Bronx,3.7283673469387755,49
06M325,P.S. 325,Manhattan,2.3502380952380952,42
07X162,J.H.S. 162 Lola Rodriguez De Tio,Bronx,2.3594444444444442,54
08X305,Pablo Neruda Academy,Bronx,2.9922222222222223,63
08X335,The Academy of the Arts,Bronx,3.4484090909090908,44
09X145,J.H.S. 145 Arturo Toscanini,Bronx,2.252075471698113,53
09X276,Leadership Institute,Bronx,2.353770491803279,61
11X289,The Young Scholars Academy of The Bronx,Bronx,2.3818,50
12X692,Monroe Academy for Visual Arts & Design,Bronx,2.1214285714285714,63
84X258,Tech International Charter School,Bronx,2.8893478260869565,46
01M137,P.S. 137 John L. Bernstein,Manhattan,2.3526315789473684,19
01M345,"Collaborative Academy of Science, Technology, & La",Manhattan,2.91875,24
02M625,High School of Graphic Communication Arts,Manhattan,1.834090909090909,22
04M381,Global Neighborhood Secondary School,Manhattan,3.2752,25
05M410,The Urban Assembly Institute for New Technologies,Manhattan,2.86875,24
05M469,Choir Academy of Harlem,Manhattan,2.5778947368421052,19
05M685,Bread & Roses Integrated Arts High School,Manhattan,1.8825,20
06M326,M.S. 326 - Writers Today & Leaders Tomorrow,Manhattan,3.2256,25
07X385,Performance School,Bronx,2.2983333333333333,18
07X520,Foreign Language Academy of Global Studies,Bronx,2.4710714285714284,28
08X366,Urban Assembly Academy of Civic Engagement,Bronx,2.5204166666666667,24
09X064,P.S. 064 Pura Belpre,Bronx,2.9325,20
09X230,P.S. 230 Dr Roland N. Patterson,Bronx,2.5305,20
09X414,Jonathan Levin High School for Media and Communica,Bronx,1.9747826086956521,23
11X272,Globe School for Environmental Research,Bronx,3.293846153846154,26
12X050,P.S. 050 Clara Barton,Bronx,2.836,20
12X278,Peace and Diversity Academy,Bronx,1.8451851851851853,27
75M401,Hospital Schools,Manhattan,2.0066666666666664,3
02M395,A School Without Walls,Manhattan,3.6086363636363634,22
04M505,Edward A. Reynolds West Side High School,Manhattan,2.404313725490196,51
05M371,School of Earth Exploration and Discovery Harlem (SEED Harlem),Manhattan,2.389074074074074,54
07X625,Bronx Legacy High School,Bronx,2.574468085106383,47
08X636,Virtual Innovators Academy,Bronx,2.69375,24
09X594,New Pathways Academy,Bronx,3.4763513513513513,74
09X593,South Bronx International Middle School,Bronx,3.7435384615384617,65
12X595,P.S. 595,Bronx,2.7981818181818183,44
12X641,Bard High School Early College Bronx,Bronx,4.58625,24
75X596,P.S. X596,Bronx,4.31,3
84M383,Storefront Academy Harlem Charter School,Manhattan,2.164375,16
84M380,Harlem Village Academy West Charter School,Manhattan,4.203181818181818,22
84M373,Zeta Charter Schools - Inwood,Manhattan,4.36,39
84M389,KIPP Beyond Charter School,Manhattan,4.2631250000000005,48
84X597,Urban Assembly Charter School for Computer Science,Bronx,3.727936507936508,63
84X606,Emblaze Academy Charter School,Bronx,3.4638709677419355,62
84X599,Cardinal McCloskey Community Charter School,Bronx,2.910833333333333,48
84X598,KIPP Freedom Charter School,Bronx,3.148909090909091,55
84X587,NYC Autism Charter School Bronx,Bronx,1.8920000000000001,5
84X612,Creo College Preparatory Charter School,Bronx,3.831935483870968,62
84X614,Dream Charter School Mott Haven,Bronx,3.773529411764706,85
84X616,KIPP Bronx Charter School II,Bronx,3.2587272727272727,55
84X613,Bold Charter School,Bronx,4.24,41
84X610,Urban Dove Team Charter School II,Bronx,2.846290322580645,62
84X615,University Prep Charter Middle School,Bronx,3.0464285714285713,56
84X608,Bronx Charter School for Excellence 4,Bronx,4.075714285714286,35
84X609,Zeta Charter Schools - South Bronx,Bronx,4.371860465116279,43
84X617,KIPP Bronx Charter School III,Bronx,3.4751898734177216,79
84X611,AECI II: NYC Charter High School for Computer Engineering and Innovation,Bronx,3.45375,48
84X619,Bronx Arts and Science Charter School,Bronx,2.505813953488372,43
84X627,Capital Preparatory Bronx Charter School,Bronx,3.62975,80
84X623,Neighborhood Charter School: Bronx,Bronx,4.1414285714285715,42
84X635,Earl Monroe New Renaissance Basketball Charter School,Bronx,2.733846153846154,26
84X620,Bronx Charter School for Excellence 5,Bronx,4.2211428571428575,35
84X633,Wildflower New York Charter School,Bronx,4.99,2
84X638,Success Academy Charter School - Bronx 5 Upper,Bronx,4.99,10
84X640,Family Life Academy Charter Schools High School,Bronx,3.4358823529411766,17
07X642,South Bronx Literacy Academy,Bronx,2.0771428571428574,7
09X644,Bronx Debate Academy,Bronx,1.7810526315789474,19
84M390,Amber Charter School Inwood,Manhattan,2.5357142857142856,7
84M424,Urban Dove Team Charter School IV,Manhattan,1.535,22
84X628,Brilla Caritas Charter School,Bronx,3.2284615384615383,13
84X629,Brilla Pax Charter School,Bronx,3.1761538461538463,13
84X630,Girls Preparatory Charter School of the Bronx II,Bronx,2.5953333333333335,15
84X631,Zeta Charter School - Mount Eden,Bronx,4.4750000000000005,10
84X632,Zeta Charter School - Tremont Park,Bronx,4.674,10
84X639,Dream Charter School Highbridge,Bronx,4.03,13
84X647,Success Academy Charter School - NYC 12,Bronx,4.99,8
84X648,Girls Preparatory Charter School of New York,Bronx,3.65,7
84X649,Democracy Preparatory Endurance Charter School,Bronx,2.620810810810811,37
