metric_variable_name,plain_english_label
attend_increase_mean_all,Average Change in Student Attendance
attendance_hs_all,Average Student Attendance (through Feb-2020 only)
attendance_inperson_all,Average Student Attendance - In-person days
attendance_inperson_hs_all,Average Student Attendance - In-person days
attendance_inperson_k3_all,Average Student Attendance - In-person days
attendance_inperson_k8_all,Average Student Attendance - In-person days
attendance_k3_all,Average Student Attendance (through Feb-2020 only)
attendance_k8_all,Average Student Attendance (through Feb-2020 only)
attendance_remote_all,Average Student Attendance - Remote days
attendance_remote_hs_all,Average Student Attendance - Remote days
attendance_remote_k3_all,Average Student Attendance - Remote days
attendance_remote_k8_all,Average Student Attendance - Remote days
ccr_4yr_all,4-Year College and Career Readiness - All Students
ccr_6yr_all,Transfer School College and Career Readiness - All Students
ccr_6yr_growth_all,Growth in Transfer School College and Career Readiness - All Students
chronic_absent_all,Percentage of Students with 90%+ Attendance (through Feb-2020 only)
chronic_absent_ems_all,Percentage of Students with 90%+ Attendance (through Feb-2020 only)
chronic_absent_hs_all,Percentage of Students with 90%+ Attendance (through Feb-2020 only)
cohort_pct_act_engl_all,% of students in the current cohort who took the ACT English exam
cohort_pct_act_math_all,% of students in the current cohort who took the ACT Math exam
cohort_pct_act_read_all,% of students in the current cohort who took the ACT Reading exam
cohort_pct_act_scie_all,% of students in the current cohort who took the ACT Science exam
cohort_pct_cat_mth2_all,% of cohort who took the CUNY Math 2 exam
cohort_pct_cat_mth5_all,% of cohort who took the CUNY Math 5 exam
cohort_pct_cat_read_all,% of cohort who took the CUNY Reading exam
cohort_pct_cat_writ_all,% of cohort who took the CUNY Writing exam
cohort_pct_sat_math_all,% of students in the current cohort who took the SAT Math exam
cohort_pct_sat_writ_all,% of students in the current cohort who took the SAT Reading and Writing exam
cri6_persist_all,6-Year College Readiness Index with Persistence
ele_core_all,MS Adjusted Core Course Pass Rate of Former Students
grad_pct_4_all,4-Year Graduation Rate - All Students
grad_pct_4_nonnysaa_all,4-Year Graduation Rate - Excluding NYSAA
grad_pct_6_all,YABC Graduation Rate
grad_pct_6_nonnysaa_all,6-Year Graduation Rate - Excluding NYSAA
hs_9gr_credits_all,9th Grade Adjusted Credit Accumulation of Former 8th Graders
interaction_all,Average Student Interaction Rate (From Apr-2020 only)
interaction_hs_all,Average Student Interaction Rate (From Apr-2020 only)
interaction_k3_all,Average Student Interaction Rate (From Apr-2020 only)
interaction_k8_all,Average Student Interaction Rate (From Apr-2020 only)
lre_all,Movement of Students with IEPs to Less Restrictive Environments
mean_score_act_engl_all,Average score of students in the current cohort who took the ACT English exam
mean_score_act_math_all,Average score of students in the current cohort who took the ACT Math exam
mean_score_act_read_all,Average score of students in the current cohort who took the ACT Reading exam
mean_score_act_scie_all,Average score of students in the current cohort who took the ACT Science exam
mean_score_cat_mth2_all,Average score of students in the current cohort who took the CUNY Math 2 exam
mean_score_cat_mth5_all,Average score of students in the current cohort who took the CUNY Math 5 exam
mean_score_cat_read_all,Average score of students in the current cohort who took the CUNY Reading exam
mean_score_cat_writ_all,Average score of students in the current cohort who took the CUNY Writing exam
mean_score_sat_math_all,Average Score SAT Math
mean_score_sat_writ_all,Average score of students in the current cohort who took the SAT Reading and Writing exam
met_reg_compl_all,Average Completion Rate for Remaining Regents
move_to_gen_pct_all,Integration into Non-D75 Environment
move_to_lre_pct_all,Movement of Students to Less Restrictive Environments
nocat_cri_4yr_all,4-Year College Readiness Index (without CAT)
nocat_cri_6yr_all,6-Year College Readiness Index (without CAT)
nocat_cri_engl_4yr_all,% Attaining English College Readiness Standard (without CAT)
nocat_cri_engl_6yr_all,% Attaining English College Readiness Standard (6 year) (without CAT)
nocat_cri_math_4yr_all,% Attaining Math College Readiness Standard (without CAT)
nocat_cri_math_6yr_all,% Attaining Math College Readiness Standard (6 year) (without CAT)
nocat_cri_nopers_6yr_all,YABC College Readiness Index (without CAT)
nondropout_4_all,4-Year High School Persistence Rate
nondropout_6_all,YABC Persistence Rate
nysaa_ela_1_all,NYSAA - ELA Percent at Level 1
nysaa_ela_2_all,NYSAA - ELA Percent at Level 2
nysaa_ela_3_all,NYSAA - ELA Percent at Level 3
nysaa_ela_4_all,NYSAA - ELA Percent at Level 4
nysaa_mth_1_all,NYSAA - Math Percent at Level 1
nysaa_mth_2_all,NYSAA - Math Percent at Level 2
nysaa_mth_3_all,NYSAA - Math Percent at Level 3
nysaa_mth_4_all,NYSAA - Math Percent at Level 4
nyseslat_all,ELL Progress
pct_accel_lote_all,% of 8th Graders earning High School Credit in Language other than English
pct_accel_mth_all,% of 8th Graders earning High School Credit in Math
pct_accel_p_all,% of 8th Graders taking accelerated courses who passed
pct_accel_p_lote_all,% of 8th Graders taking Language other than English accelerated courses who passed
pct_accel_p_mth_all,% of 8th Graders taking Math accelerated courses who passed
pct_accel_p_sci_all,% of 8th Graders taking Science accelerated courses who passed
pct_accel_sci_all,% of 8th Graders earning High School Credit in Science
pct_accel_try_all,% of 8th Graders taking any accelerated courses
pct_accel_try_lote_all,% of 8th Graders taking accelerated Language other than English courses
pct_accel_try_mth_all,% of 8th Graders taking accelerated Math courses
pct_accel_try_sci_all,% of 8th Graders taking accelerated Science courses
pct_accelerated_all,Percent of 8th Graders Earning HS Credit
pct_cer_18mo_all,Postsecondary Enrollment Rate - 18 Months
pct_cer_18mo_coll_2yr_all,Postsecondary Enrollment in CUNY 2-Year (18 months)
pct_cer_18mo_coll_4yr_all,Postsecondary Enrollment in CUNY 4-Year (18 months)
pct_cer_18mo_coll_oost_all,Postsecondary Enrollment in Out of State Non-Profit (18 months)
pct_cer_18mo_coll_prft_all,Postsecondary Enrollment in For-Profit (18 months)
pct_cer_18mo_coll_priv_all,Postsecondary Enrollment in NYS Private Non-Profit (18 months)
pct_cer_18mo_coll_publ_all,Postsecondary Enrollment in NYS Public (18 months)
pct_cer_18mo_pub_svc_all,Public Service (18 months)
pct_cer_18mo_vocat_all,Vocational Program (18 months)
pct_cer_6mo_all,Postsecondary Enrollment Rate - 6 Months
pct_cer_6mo_coll_2yr_all,Postsecondary Enrollment Rate in CUNY 2-Year (6 months)
pct_cer_6mo_coll_4yr_all,Postsecondary Enrollment Rate in CUNY 4-Year (6 months)
pct_cer_6mo_coll_oost_all,Postsecondary Enrollment Rate in Out of State (6 months)
pct_cer_6mo_coll_prft_all,Postsecondary Enrollment in For-Profit (6 months)
pct_cer_6mo_coll_priv_all,Postsecondary Enrollment Rate in NYS Private (6 months)
pct_cer_6mo_coll_publ_all,Postsecondary Enrollment Rate in NYS Public (6 months)
pct_cer_6mo_other_all,Postsecondary Enrollment Rate in Other (6 months)
pct_cer_6mo_pub_svc_all,Public Service (6 months)
pct_cer_6mo_vocat_all,Vocational Program (6 months)
pct_clg_rdy_act_engl_all,% of students in the current cohort who took the ACT English exam who scored 20+
pct_clg_rdy_act_math_all,% of students in the current cohort who took the ACT Math exam who scored 21+
pct_clg_rdy_cat_math2_all,% of students in the current cohort who took the CUNY Math 2 exam who scored 40+
pct_clg_rdy_cat_math5_all,% of students in the current cohort who took the CUNY Math 5 exam who scored 57+
pct_clg_rdy_cat_read_all,% of students in the current cohort who took the CUNY Reading exam who scored 55+
pct_clg_rdy_cat_write_all,% of students in the current cohort who took the CUNY Writing exam who scored 56+
pct_clg_rdy_sat_math_all,% of students in the current cohort who took the SAT Math exam who passed the college ready threshold
pct_clg_rdy_sat_writ_all,% of students in the current cohort who took the SAT Reading and Writing exam and scored 480+
pct_core_ela_all,ELA Core Course Pass Rate
pct_core_mth_all,Math Core Course Pass Rate
pct_core_sci_all,Science Core Course Pass Rate
pct_core_soc_all,Social Studies Core Course Pass Rate
pct_cpci_all,College and Career Preparatory Course Index
pct_cpci_ap_all,% Scoring 3+ on any AP Exam
pct_cpci_cpcc_all,% Passing a NYCPS-certified CPCC Course
pct_cpci_cte_exam_all,% Passing an Industry-Recognized Technical Assessment
pct_cpci_ib_all,% Scoring 4+ on any IB Exam
pct_cpci_other_college_all,% Earning a Grade of 'C' or Higher for College Credit
pct_cpci_regents_all,"% Scoring 65+ on Alg2, MathB, Chem, or Phys Regents Exam"
pct_cri_4yr_all,4-Year College Readiness Index
pct_cri_6yr_all,YABC College Readiness Index (including Enrollment)
pct_cri_engl_4yr_all,% Attaining English College Readiness Standard
pct_cri_engl_6yr_all,% Attaining English College Readiness Standard (6 year)
pct_cri_math_4yr_all,% Attaining Math College Readiness Standard
pct_cri_math_6yr_all,% Attaining Math College Readiness Standard (6 year)
pct_cri_nopers_6yr_all,YABC College Readiness Index
pct_degree_arts_4yr_all,% Earning a Diploma with an Arts Endorsement
pct_degree_cte_4yr_all,% Earning a Diploma with a CTE Endorsement
pct_degree_reg_4yr_all,% Attaining Regents Diploma (4 year)
pct_degree_reg_6yr_all,% Attaining Regents Diploma (6 year)
pctl_med_unadj_ela_all,"Unadjusted Median Growth Percentile, ELA"
pctl_med_unadj_mth_all,"Unadjusted Median Growth Percentile, Math"
persist3_4yr_all,College Persistence
prof_nysaa_pct_ela_all,"Average Student Proficiency, ELA - NYSAA"
prof_nysaa_pct_mth_all,"Average Student Proficiency, Math - NYSAA"
prof_pct_ela_all,"Percentage of Students at Level 3 or 4, ELA"
prof_pct_mth_all,"Percentage of Students at Level 3 or 4, Math"
rating_mean_ela_all,"Average Student Proficiency, ELA"
rating_mean_mth_all,"Average Student Proficiency, Math"
